{
    "bleu1": 0.23262409698793274,
    "bleu2": 0.11019215703832039,
    "bleu3": 0.051086780531451166,
    "bleu4": 0.02758527268150105,
    "gleu": 0.08219593369514355,
    "meteor": 0.17614964767358718
}