{
    "train_loss": [
        3.8521670773254697,
        2.817089587301757,
        2.4814480999809,
        2.278450045814957,
        2.138675860504606,
        2.033196311289596,
        1.9445066898814085,
        1.8682737730035734,
        1.799296052301701,
        1.7372255167162438,
        1.6798903718714295,
        1.6269717781895627,
        1.5791390861444805,
        1.5369894221845155,
        1.5011553206847081,
        1.4720630268157022,
        1.4511738104211356,
        1.435220131826638,
        1.425410223046741,
        1.4221199634260997
    ],
    "train_perplexity": [
        47.09501266479492,
        16.72809410095215,
        11.958569526672363,
        9.7615385055542,
        8.488191604614258,
        7.638461589813232,
        6.990182399749756,
        6.477105617523193,
        6.0453901290893555,
        5.681558132171631,
        5.3649678230285645,
        5.088442325592041,
        4.850778102874756,
        4.65056848526001,
        4.486870288848877,
        4.358217239379883,
        4.268121242523193,
        4.2005696296691895,
        4.159564018249512,
        4.145900249481201
    ],
    "train_acc": [
        0.27051244827496485,
        0.37684657042892417,
        0.4407087436461725,
        0.4785004894729475,
        0.5035853383948357,
        0.5221545226241818,
        0.5378697054896189,
        0.5517376004957639,
        0.5640329000961721,
        0.5756147037295758,
        0.5868854343792297,
        0.597214741493339,
        0.606731797529888,
        0.6153603294002477,
        0.6230091238100928,
        0.6292542715373126,
        0.6335457218424796,
        0.6370948664782257,
        0.6391303094465342,
        0.6398268444818841
    ],
    "test_loss": [
        2.9998210413387407,
        2.58140406441003,
        2.3528169184066234,
        2.2178755724392,
        2.146164392510923,
        2.068712137377681,
        2.030887340966124,
        1.993077745071996,
        1.9743762206726563,
        1.9558433465683422,
        1.952257788219391,
        1.945577310297055,
        1.947813378736234,
        1.9475258284102615,
        1.9562652629023543,
        1.9527411693201278,
        1.9579342603683472,
        1.9614484550092166,
        1.961070849110905,
        1.9620443597769204
    ],
    "test_perplexity": [
        20.081941604614258,
        13.215679168701172,
        10.51514720916748,
        9.187790870666504,
        8.551993370056152,
        7.914624214172363,
        7.620845794677734,
        7.338083744049072,
        7.202125549316406,
        7.069878578186035,
        7.044574737548828,
        6.9976701736450195,
        7.013335227966309,
        7.011319160461426,
        7.072862148284912,
        7.047980785369873,
        7.084676742553711,
        7.109617233276367,
        7.10693359375,
        7.113855361938477
    ],
    "test_acc": [
        0.34117908275927217,
        0.425887559359066,
        0.4715083022468006,
        0.4979794973763414,
        0.5115247838222943,
        0.5268579167298997,
        0.5350090684220433,
        0.542208090281715,
        0.5465123101164358,
        0.5514807063169753,
        0.5527607410098798,
        0.5556578007749856,
        0.5561797148503435,
        0.5574510743061956,
        0.5574820723396521,
        0.5585222090966404,
        0.5582824322743157,
        0.5584641483645089,
        0.5585709817874165,
        0.5584947169779207
    ],
    "test_bleu": [
        0.016605538083830928,
        0.013829446003871104,
        0.036735024352449006,
        0.017373233200921816,
        0.02408847789236774,
        0.01930449527576347,
        0.014330387485016713,
        0.01993070354878543,
        0.026802590890684593,
        0.019379730262739085,
        0.019816063245205566,
        0.027670860424548322,
        0.026692973496169614,
        0.027315379722930997,
        0.02679664184257517,
        0.022433067282119485,
        0.029454567153393355,
        0.022886672587318347,
        0.023966446574528483,
        0.0257092824024802
    ],
    "test_meteor": [
        0.10280175133330424,
        0.12216745151270292,
        0.18637015138110882,
        0.1559202848250735,
        0.16620323707355336,
        0.1610444530260168,
        0.13946903788735446,
        0.15678318294989674,
        0.1715365254730961,
        0.17368982573414501,
        0.16169955900017205,
        0.19625971695459915,
        0.19150928150595914,
        0.18437954757627836,
        0.18556010187753716,
        0.17598246434854153,
        0.19629895490770355,
        0.1695565247208257,
        0.17686902986400893,
        0.17449716090452078
    ]
}