{
    "bleu1": 0.23061223003001385,
    "bleu2": 0.1068339318300515,
    "bleu3": 0.04907289357214352,
    "bleu4": 0.026984775879403056,
    "gleu": 0.08275067935657013,
    "meteor": 0.169939569217633
}