{
    "bleu1": 0.2687361956326778,
    "bleu2": 0.16028705778386032,
    "bleu3": 0.11304392318118155,
    "bleu4": 0.08455812286849068,
    "gleu": 0.1089587337688828,
    "meteor": 0.20692710928395885
}