{
    "train_loss": [
        2.019828561498523,
        1.927997890370737,
        1.8302081016067926,
        1.7408387637444334,
        1.663352852159521,
        1.591848742220503,
        1.5281351332838655,
        1.464286455044271,
        1.3954559083281477,
        1.3345961910833375,
        1.2736053629194526,
        1.2202186610362136,
        1.1699234635549849,
        1.1238630346343406,
        1.0854358354772773,
        1.0537613628529607,
        1.0308726972441564,
        1.0124771757398872,
        1.0025911386486102,
        0.9977492963691101
    ],
    "train_perplexity": [
        7.537032604217529,
        6.875730991363525,
        6.2351837158203125,
        5.702124118804932,
        5.276974201202393,
        4.91282320022583,
        4.609572887420654,
        4.324456214904785,
        4.0368146896362305,
        3.798461675643921,
        3.573713779449463,
        3.3879284858703613,
        3.2217459678649902,
        3.076716661453247,
        2.9607300758361816,
        2.868420124053955,
        2.803511381149292,
        2.752410650253296,
        2.725334405899048,
        2.7121706008911133
    ],
    "train_acc": [
        0.5463950627236117,
        0.5593818221958345,
        0.5742178069756744,
        0.5893654051325987,
        0.6018587233754278,
        0.6146458227330817,
        0.6260558958114782,
        0.6376912713874598,
        0.6511677397674305,
        0.6629527771931881,
        0.6759246670128916,
        0.6871812233567121,
        0.698369805398604,
        0.7087652754454128,
        0.7177795147613383,
        0.7244808680331013,
        0.7308253393474478,
        0.7349201449048719,
        0.7372106240744182,
        0.738253365028999
    ],
    "test_loss": [
        2.097203076355101,
        2.0472965033974235,
        2.0087204692870615,
        1.9934442728523194,
        1.9796687284792502,
        1.984832667928981,
        1.9816144714205284,
        1.9892726057157741,
        1.9933679958028117,
        2.007755756378174,
        2.0176632333928204,
        2.0372579294865525,
        2.0519512657105454,
        2.061249985469608,
        2.078809184821572,
        2.0896830399205366,
        2.0977058222913367,
        2.1015119909301516,
        2.1050904749885317,
        2.1030345681145435
    ],
    "test_perplexity": [
        8.14336109161377,
        7.746929168701172,
        7.453773498535156,
        7.340774059295654,
        7.240344047546387,
        7.277829170227051,
        7.254445552825928,
        7.310214519500732,
        7.340214252471924,
        7.446586608886719,
        7.520730495452881,
        7.669549942016602,
        7.783072471618652,
        7.855782985687256,
        7.994943141937256,
        8.082352638244629,
        8.147457122802734,
        8.178525924682617,
        8.207844734191895,
        8.190987586975098
    ],
    "test_acc": [
        0.5449608589016547,
        0.5533542437112238,
        0.5613690299077296,
        0.5665271191850422,
        0.570725339486843,
        0.572725374750265,
        0.5758761896157828,
        0.5766234529299998,
        0.5782536283487411,
        0.579486794124438,
        0.5804567792284208,
        0.5811309292325824,
        0.5808460566941209,
        0.582646880210854,
        0.5818760359850456,
        0.581452823060704,
        0.5820811680686755,
        0.582136928096531,
        0.5813985680501292,
        0.5817317005217545
    ],
    "test_bleu": [
        0.07249398070470878,
        0.07066287472124197,
        0.07495959826306121,
        0.0775921419721426,
        0.07533550771892168,
        0.08293011122030709,
        0.07926729843095792,
        0.07805475690491775,
        0.07899449334038237,
        0.07500851005249654,
        0.0897677015803876,
        0.0798681886275778,
        0.08991721058302332,
        0.092736451625584,
        0.10306831771616182,
        0.08034154321838448,
        0.0836391478861108,
        0.08923700753586046,
        0.08786654726505494,
        0.09424070384185486
    ],
    "test_meteor": [
        0.1723104705939074,
        0.1758418170102774,
        0.1962651775690565,
        0.19075905836477294,
        0.19372381498024285,
        0.19659358658332976,
        0.18594811080603116,
        0.20550483827727556,
        0.1973763328324738,
        0.20275716819716172,
        0.20493204423102399,
        0.20351354257664528,
        0.21800759360975025,
        0.231607940629875,
        0.24035260223590396,
        0.20433789853965884,
        0.21702736736597342,
        0.22747137069767864,
        0.21496507839612605,
        0.22712426941826952
    ]
}