{
    "bleu1": 0.2366702316193271,
    "bleu2": 0.12165087730002555,
    "bleu3": 0.07892624162565666,
    "bleu4": 0.05543845050770569,
    "gleu": 0.08823614984059899,
    "meteor": 0.17695758452711519
}