{
    "train_loss": [
        1.9663046896457672,
        1.9487562950738926,
        1.9316956032182753,
        1.926287682093296,
        1.911814264722706,
        1.9003177481828277,
        1.8928922761961358,
        1.8761923801653164,
        1.8708381400894873,
        1.8594223061173232,
        1.8438256217032363,
        1.840043445530626,
        1.8239207375295383,
        1.815457581859274,
        1.80742711443262,
        1.7928577655369473,
        1.786791231521626,
        1.774361618400849,
        1.7631386905601345,
        1.7580834181652856,
        1.741346060615225,
        1.7337310821125187,
        1.7259661340221917,
        1.708671298530913,
        1.7064279121221955,
        1.6915827648541362,
        1.681984912181638
    ],
    "train_perplexity": [
        7.144227504730225,
        7.019951820373535,
        6.9012017250061035,
        6.863981246948242,
        6.765351295471191,
        6.688019275665283,
        6.638541221618652,
        6.528598785400391,
        6.493736743927002,
        6.420026779174805,
        6.320672512054443,
        6.296811580657959,
        6.196104049682617,
        6.143887042999268,
        6.0947465896606445,
        6.006593227386475,
        5.970264434814453,
        5.896515846252441,
        5.830709457397461,
        5.8013081550598145,
        5.70501708984375,
        5.661738872528076,
        5.617945671081543,
        5.521620273590088,
        5.509246826171875,
        5.428065299987793,
        5.376216888427734
    ],
    "train_acc": [
        0.5364382408328892,
        0.5394844836795453,
        0.5422623010025811,
        0.543220865818643,
        0.5456687761950738,
        0.5472886674490172,
        0.548830329142895,
        0.5515216157301185,
        0.5523683590065572,
        0.5546496055789829,
        0.5570083914958325,
        0.5569996372940614,
        0.5604657435540071,
        0.5620661450108302,
        0.5636678994009175,
        0.5664340552595473,
        0.5672421112810213,
        0.5696416535635584,
        0.5714926744244763,
        0.571773516148636,
        0.5747369033159669,
        0.5759867477355544,
        0.5775526523897329,
        0.5806223310760616,
        0.5812325474527693,
        0.5836074684084076,
        0.5857546592188865
    ],
    "test_loss": [
        2.284470504706668,
        2.2843175874542943,
        2.2793771096111572,
        2.278841768957905,
        2.2874323756424424,
        2.2753407813839077,
        2.2774416533942077,
        2.278528743797971,
        2.2763280383090385,
        2.2809913514815654,
        2.2744734698964146,
        2.2766059821413966,
        2.280323101687677,
        2.2771667272774216,
        2.2843509316444397,
        2.27961909340829,
        2.2815769087408007,
        2.2913914083205547,
        2.2821126758437797,
        2.2854029646853813,
        2.2885737173336067,
        2.2889526670741054,
        2.2971690112782506,
        2.293970060717199,
        2.298041494236779,
        2.308482207588314,
        2.300905588975887
    ],
    "test_perplexity": [
        9.82048511505127,
        9.818982124328613,
        9.770593643188477,
        9.765362739562988,
        9.849616050720215,
        9.731234550476074,
        9.751701354980469,
        9.762306213378906,
        9.740846633911133,
        9.786376953125,
        9.722798347473145,
        9.743555068969727,
        9.779839515686035,
        9.74902057647705,
        9.819310188293457,
        9.772955894470215,
        9.792109489440918,
        9.888687133789062,
        9.797356605529785,
        9.829647064208984,
        9.86086368560791,
        9.86460018157959,
        9.945984840393066,
        9.914219856262207,
        9.954668045043945,
        10.059144973754883,
        9.983220100402832
    ],
    "test_acc": [
        0.5070291757583618,
        0.5072285895495071,
        0.5087176264868569,
        0.5091704070260844,
        0.508562350088788,
        0.5107898584653422,
        0.5103009874673233,
        0.5106026834433841,
        0.5112365938953518,
        0.5109964245066201,
        0.513039068155682,
        0.513724219246009,
        0.5132167363904186,
        0.5138024638608559,
        0.5119873724647404,
        0.5143944144863444,
        0.5141420521072506,
        0.512251413052844,
        0.5148739734875787,
        0.5147035223307069,
        0.5143487170799491,
        0.5149513684289971,
        0.5146224892016539,
        0.5150602762539362,
        0.5154515724513948,
        0.5143378232557749,
        0.5153260585880771
    ],
    "test_bleu": [
        0.0,
        0.0,
        0.0,
        0.0,
        0.0,
        0.0,
        0.0,
        0.0,
        0.0,
        0.0,
        0.0,
        0.0,
        0.0,
        0.0,
        0.0,
        0.0,
        0.0,
        0.0,
        0.0,
        0.0,
        0.0,
        0.0,
        0.0,
        0.0,
        0.0,
        0.0,
        0.0
    ]
}