{
    "bleu1": 0.24983773839929893,
    "bleu2": 0.13505583412472183,
    "bleu3": 0.08875211265741707,
    "bleu4": 0.06264877527222844,
    "gleu": 0.0975837841967961,
    "meteor": 0.19394874030686354
}