{
    "train_loss": [
        1.8905942618232412,
        1.8391602931870628,
        1.8003183352885788
    ],
    "train_perplexity": [
        6.623303413391113,
        6.291253566741943,
        6.051573753356934
    ],
    "train_acc": [
        0.5590183938056538,
        0.5686612836632532,
        0.5750899843333923
    ],
    "test_loss": [
        2.250924219790193,
        2.253923612771575,
        2.262448452182652
    ],
    "test_perplexity": [
        9.49650764465332,
        9.525035858154297,
        9.606582641601562
    ],
    "test_acc": [
        0.5143305834421178,
        0.5145015957736477,
        0.5141049234830227
    ]
}