{
    "bleu1": 0.2971698342969269,
    "bleu2": 0.1839054907232149,
    "bleu3": 0.13122342886893335,
    "bleu4": 0.09928657154564202,
    "gleu": 0.1276782987603042,
    "meteor": 0.242138018866007
}