{
    "bleu1": 0.22287220645711936,
    "bleu2": 0.11048304923164176,
    "bleu3": 0.06954209705324951,
    "bleu4": 0.04761580913634786,
    "gleu": 0.07759899453539783,
    "meteor": 0.16955262467572
}