{"train_loss": [5.25832107057885, 3.0762589017012134, 2.651303076882427, 2.40462495856405, 2.2515975837550726, 2.1351010026968655, 2.033447065482518, 1.94078457413144, 1.851304388830233, 1.7640643861123164, 1.6786607548853876, 1.5971189608195764, 1.5160450105279741, 1.4364756681241195, 1.3579748920822512, 1.280045612753014, 1.2032662075538931, 1.1295582303341398, 1.057772008720173, 0.9866211983290586, 0.9201441976733549, 0.8559957855098252, 0.7959944745904011, 0.7391921543521622, 0.6843886388109085, 0.635731594993713, 0.589595815746881, 0.5477348264573391, 0.5100523835801064, 0.4749368042676084, 0.442600150691702, 0.41587544164874335, 0.39117491931241993, 0.36912225806505583, 0.3498901889391056, 0.3334168117039439, 0.3199457058996481, 0.3082027484156638, 0.29746732314619845, 0.2912154158638571, 0.2845763419421545, 0.28024130561019744, 0.2775282448795363, 0.27599624433416003, 0.27514718736682225], "train_perplexity": [192.1586456298828, 21.677154541015625, 14.172493934631348, 11.074275970458984, 9.50290584564209, 8.457901000976562, 7.640377521514893, 6.964212894439697, 6.3681206703186035, 5.836109638214111, 5.358375072479248, 4.938783168792725, 4.554177761077881, 4.205846786499023, 3.8883111476898193, 3.596803903579712, 3.330979108810425, 3.0942890644073486, 2.8799474239349365, 2.682156562805176, 2.5096523761749268, 2.353717088699341, 2.216644287109375, 2.094243049621582, 1.9825594425201416, 1.8884031772613525, 1.8032593727111816, 1.7293312549591064, 1.665378451347351, 1.607912540435791, 1.556749701499939, 1.5156970024108887, 1.4787170886993408, 1.4464644193649292, 1.4189116954803467, 1.3957289457321167, 1.3770530223846436, 1.3609769344329834, 1.3464443683624268, 1.338052749633789, 1.3291988372802734, 1.3234491348266602, 1.3198634386062622, 1.3178428411483765, 1.316724419593811], "train_acc": [0.2033988998695529, 0.3676061853334106, 0.43024188755674564, 0.4691510937488287, 0.4927300770174373, 0.5111483704133006, 0.5270860529787535, 0.5427746174413877, 0.5583176403603656, 0.5735076277929302, 0.5889431435319396, 0.6039933536915069, 0.6196207149923424, 0.6350168957585753, 0.650298005031202, 0.6669715449819251, 0.683678888490629, 0.6997706158594652, 0.7161626841736024, 0.7318003600178651, 0.7472121916149295, 0.7631661261880421, 0.7775970548103118, 0.7919226828350089, 0.8059798001205437, 0.8184966577552043, 0.8311062131790404, 0.8421619583490508, 0.8522932082126403, 0.8621847396662433, 0.8714171669930508, 0.8782137748235891, 0.8857904126150695, 0.8922998448059222, 0.8978874075804735, 0.9028761759256256, 0.9066613739648225, 0.9101964667641217, 0.9138490698900168, 0.9153178063305941, 0.9177724006558756, 0.9190373497959262, 0.9199980572874819, 0.9202423446759496, 0.920944774231551], "test_loss": [3.370230774904035, 2.8086913707330057, 2.522977170870476, 2.396678187797979, 2.324748289339321, 2.2849826250494143, 2.270372234361688, 2.260382112461267, 2.274514262516474, 2.2864962487491134, 2.3122441750211813, 2.3529172727127663, 2.3899475621808435, 2.4457067266567467, 2.489685790440471, 2.557320787734592, 2.611416400707874, 2.679374810346623, 2.750201565088685, 2.8341735582990744, 2.8949973423456408, 2.9775060968300733, 3.0503841282166158, 3.119838423335675, 3.1938469557418037, 3.264982452712108, 3.3328265664503745, 3.406558666647095, 3.4688429580521336, 3.5325921048823092, 3.581660031657858, 3.6267825248315164, 3.6783799166531908, 3.716354612222652, 3.7553525585489176, 3.7888030514274678, 3.8156806199821, 3.831995344653572, 3.8472617852319146, 3.8634922184894993, 3.869531091955519, 3.8778242358227364, 3.881386470548885, 3.8793621450355373, 3.879185100806128], "test_perplexity": [29.085235595703125, 16.588193893432617, 12.465653419494629, 10.986620903015137, 10.224105834960938, 9.825515747070312, 9.683003425598145, 9.586751937866211, 9.723194122314453, 9.840397834777832, 10.09705924987793, 10.516202926635742, 10.912922859191895, 11.538702964782715, 12.057486534118652, 12.901206016540527, 13.618325233459473, 14.575976371765137, 15.645783424377441, 17.016328811645508, 18.083454132080078, 19.638778686523438, 21.123455047607422, 22.64272117614746, 24.382043838500977, 26.179651260375977, 28.017423629760742, 30.161272048950195, 32.09958267211914, 34.21253204345703, 35.93313980102539, 37.59166717529297, 39.582218170166016, 41.11424255371094, 42.74928665161133, 44.203460693359375, 45.40764617919922, 46.154537200927734, 46.86455535888672, 47.63140106201172, 47.91991424560547, 48.318973541259766, 48.49140167236328, 48.39333724975586, 48.38477325439453], "test_acc": [0.3341873464049752, 0.4076415156734358, 0.45573642074140075, 0.47845617328415213, 0.49080005288124084, 0.4995546547561577, 0.5034457610286388, 0.5075480570805442, 0.5076110696362466, 0.5097433146588581, 0.5091251655644977, 0.5075936690740979, 0.5067028920982302, 0.5050059414862358, 0.5016835024676372, 0.5009181673072048, 0.49731926996376097, 0.4948922174493062, 0.4937435708863219, 0.4943230627584703, 0.4884142025383477, 0.4888622186233088, 0.4876630537442325, 0.4866808780382589, 0.4838648363179767, 0.48515037132292677, 0.4849776087962475, 0.48301673741991985, 0.4837454472159602, 0.4828526616557357, 0.48202703025230426, 0.48215712798932164, 0.4820473231759268, 0.482343097399805, 0.4816232352834387, 0.48123109571098055, 0.48226821069250403, 0.48205035302749616, 0.4822135940962231, 0.4828333512870307, 0.48294627812412594, 0.48251812413488465, 0.48259140044143517, 0.4826568017147251, 0.48265799549744304], "test_bleu": [0.01770399377620898, 0.03339400147426988, 0.047264189656634356, 0.05391776345593482, 0.04827884401244904, 0.04952063658751457, 0.052065024777784144, 0.04839207824350741, 0.05201439879495285, 0.048232927780749946, 0.0507742542125748, 0.05022167354395802, 0.04634145843710961, 0.05046198050163473, 0.047541880723728946, 0.0532719086232653, 0.0477529045886355, 0.04518108365290907, 0.04883323632540275, 0.05070071102914291, 0.044263146708547634, 0.04753862403680717, 0.04426899981289173, 0.04338807594282009, 0.04746983598950919, 0.045018443280419304, 0.039387678009360605, 0.04472660446227413, 0.04078647133411882, 0.04051094911687318, 0.03819004191982734, 0.03981722948031733, 0.038649665086124226, 0.037737234433194315, 0.0401574677349712, 0.041117764684108646, 0.04474737057749045, 0.044316127734319304, 0.04282647247683663, 0.04255586960355744, 0.04603951759329638, 0.03890797150176449, 0.04128799487119627, 0.040596847527245905, 0.04237769504760765], "test_meteor": [0.06576919431590077, 0.14848601176886086, 0.15960620812963325, 0.16935041616276203, 0.1771038880139777, 0.17266765254269356, 0.176502493248341, 0.16630303142073444, 0.17776477084416867, 0.17172828567918974, 0.18041933676104702, 0.16906209455402804, 0.1684512055216227, 0.18179548465711332, 0.1741533540611215, 0.17956392424929668, 0.1775102727823776, 0.16703361239548178, 0.17078053779603924, 0.1718856500995711, 0.15676583827089563, 0.16840324963548198, 0.15546559039349508, 0.1543167108469961, 0.16791893171418168, 0.17238760757124053, 0.15076614779973846, 0.16235779680912799, 0.14795119938294982, 0.1560249224636197, 0.14570859698948585, 0.14377487892784654, 0.1450751859670728, 0.1403991441615978, 0.1558418505935587, 0.15061650803240603, 0.165964403885849, 0.15751959109129862, 0.15654102506214682, 0.15954928912745636, 0.15597135252296396, 0.1462395290316271, 0.15943652799875943, 0.1569571419336466, 0.1543733791300947]}