{
    "bleu1": 0.006823424818922012,
    "bleu2": 0.0035474224527360363,
    "bleu3": 0.0022884635845818444,
    "bleu4": 0.0015501294294387638,
    "gleu": 0.0017171164363317991,
    "meteor": 0.017135311265043817
}