{
    "bleu1": 0.27226572716695624,
    "bleu2": 0.1646016466275881,
    "bleu3": 0.11625455025846435,
    "bleu4": 0.08685165000514994,
    "gleu": 0.1124012937876009,
    "meteor": 0.22425666175864417
}