{
    "train_loss": [
        3.2742650324123868,
        2.2158311557204913,
        1.9858755473440985,
        1.8328362188475742,
        1.7112247480809513,
        1.5975286025638524,
        1.489643705738497,
        1.3811855867196166,
        1.2698133797306652,
        1.1523115296001378,
        1.0294868857815846,
        0.9016286994662478,
        0.7774406541488248,
        0.6612788937463695,
        0.5564788621128606,
        0.4720163012009853,
        0.40953480173545903,
        0.3658494062111267,
        0.3432341853610855,
        0.33411537343957937
    ],
    "train_perplexity": [
        26.423797607421875,
        9.169025421142578,
        7.285423755645752,
        6.251592636108398,
        5.53573751449585,
        4.9408063888549805,
        4.4355149269104,
        3.97961688041687,
        3.5601882934570312,
        3.165501594543457,
        2.799628973007202,
        2.4636123180389404,
        2.175896167755127,
        1.9372683763504028,
        1.7445189952850342,
        1.6032235622406006,
        1.5061169862747192,
        1.4417381286621094,
        1.4094988107681274,
        1.3967043161392212
    ],
    "train_acc": [
        0.39671746301069405,
        0.5165100128988406,
        0.5517493902695497,
        0.5753359471880789,
        0.5956010283187017,
        0.6147772078747105,
        0.6333705185961276,
        0.6534377113793703,
        0.6754094298417805,
        0.6996829516501676,
        0.7270580131821666,
        0.7557927793423256,
        0.7867235494566105,
        0.8165136738979099,
        0.8443383577427765,
        0.867613447765725,
        0.8862025578012589,
        0.8989372228999482,
        0.9061126636023112,
        0.9088343079151312
    ],
    "test_loss": [
        2.360107506050396,
        2.127393302832835,
        2.0176891956103624,
        1.9608997762555906,
        1.9240087291898107,
        1.9083983710061398,
        1.9027442332555558,
        1.9105223466658734,
        1.9404104390793298,
        1.9841048938517976,
        2.050201807972007,
        2.1252591645223853,
        2.2235550530093193,
        2.315724243779154,
        2.41583170223048,
        2.4940627723991047,
        2.5548825919980835,
        2.593691013738719,
        2.6059154119247046,
        2.6109862132420436
    ],
    "test_perplexity": [
        10.59208869934082,
        8.392959594726562,
        7.520925521850586,
        7.10571813583374,
        6.8483567237854,
        6.742281436920166,
        6.7042670249938965,
        6.756617069244385,
        6.961607933044434,
        7.2725348472595215,
        7.769469738006592,
        8.375067710876465,
        9.240121841430664,
        10.132257461547852,
        11.199082374572754,
        12.110376358032227,
        12.869787216186523,
        13.379064559936523,
        13.54361629486084,
        13.612469673156738
    ],
    "test_acc": [
        0.49889318265858484,
        0.5364667753260987,
        0.5571636287771033,
        0.5681608981752302,
        0.57785708352894,
        0.5826197440572509,
        0.5872677924364982,
        0.5888968416337196,
        0.5899845463989755,
        0.5856503890110896,
        0.5830197952085228,
        0.5825349109530213,
        0.5784093118043105,
        0.5758501992540717,
        0.5719428942401028,
        0.5710939389361432,
        0.5697469559059105,
        0.5696354383782757,
        0.5696774699396401,
        0.5688442346259687
    ],
    "test_bleu": [
        0.06757351863208091,
        0.06598047852798161,
        0.09008348034319273,
        0.08780250189696749,
        0.09615436630645631,
        0.107055476873543,
        0.10000423128999165,
        0.08935902093240687,
        0.11571839631684497,
        0.08873536313278814,
        0.07810719420064847,
        0.08270120169802392,
        0.09108818294900048,
        0.10599706867156933,
        0.08130915060545629,
        0.08703676643308782,
        0.0759264593863127,
        0.08001424927004454,
        0.08014750938335184,
        0.08572722297331607
    ],
    "test_meteor": [
        0.1677369524762457,
        0.175311766855995,
        0.2262644377501072,
        0.2188515305087008,
        0.23994009865234725,
        0.2483135227598482,
        0.25443163485011216,
        0.24432776927373587,
        0.26066248594804314,
        0.23855002740317657,
        0.22085536444419868,
        0.21809126869458,
        0.23189441081268722,
        0.2664848777692911,
        0.2239796087610972,
        0.21232482517057416,
        0.2080671187839827,
        0.21805054488376108,
        0.2197364402589061,
        0.22404387079849422
    ]
}