{
    "bleu1": 0.29960910403642116,
    "bleu2": 0.18662058717894298,
    "bleu3": 0.1334920158665139,
    "bleu4": 0.10099640661796527,
    "gleu": 0.13026355418773036,
    "meteor": 0.24913623312315222
}