{"train_loss": [4.035317065332155, 2.23506445269241, 1.9455159460097875, 1.778699775615308, 1.6490839348493653, 1.5373107224908775, 1.4341141964581972, 1.3346494520699048, 1.2370603441427162, 1.1457020302338992, 1.0567493895611193, 0.9760099832126677, 0.8994633721046128, 0.8320761480077233, 0.7752041320104119, 0.7298268816283989, 0.6973977368269832, 0.6727377404730035, 0.6570561702518567, 0.6505239314352772], "train_perplexity": [56.56084442138672, 9.347084999084473, 6.997241497039795, 5.9221510887146, 5.202212333679199, 4.652062892913818, 4.195926666259766, 3.798664093017578, 3.445469856262207, 3.1446480751037598, 2.8770036697387695, 2.653846025466919, 2.4582834243774414, 2.2980849742889404, 2.1710352897644043, 2.074721336364746, 2.008519172668457, 1.9595948457717896, 1.9291049242019653, 1.916544795036316], "train_acc": [0.32793186356585663, 0.5186853186399304, 0.5621157403877198, 0.5872541799597067, 0.6079150488175386, 0.6266654178220686, 0.6448850376643644, 0.6637571929326063, 0.6824908185923088, 0.7010895088535659, 0.7205800327885187, 0.7384366661986853, 0.7566770783534525, 0.7730621627264409, 0.7872651302920395, 0.7988431291307184, 0.8077555675379497, 0.8142034512928891, 0.8188132379803464, 0.8205540876868682], "test_loss": [2.4507788196353046, 2.0816531174281647, 1.9626360644955607, 1.9117674223299799, 1.8804479926765787, 1.8694543880823802, 1.8751101844174387, 1.8893751103497116, 1.910024941085123, 1.943762690357908, 1.9774588421721901, 2.0113307914790317, 2.047509891041637, 2.090837516963364, 2.1159063674053966, 2.1426862062081784, 2.1519155290705214, 2.1626864043918586, 2.168329710791097, 2.1700008785466], "test_perplexity": [11.597373962402344, 8.017712593078613, 7.118066310882568, 6.7650346755981445, 6.556441307067871, 6.484757423400879, 6.5215373039245605, 6.615233421325684, 6.753257751464844, 6.984983921051025, 7.224361419677734, 7.473256587982178, 7.748582363128662, 8.091689109802246, 8.297103881835938, 8.522298812866211, 8.601319313049316, 8.694462776184082, 8.743667602539062, 8.758291244506836], "test_acc": [0.48753264387683753, 0.5470509812441569, 0.5695694763161963, 0.5794895509408541, 0.5882914870448367, 0.5927773003982604, 0.5933589570268372, 0.5961950010449223, 0.5966332673556236, 0.595716479732205, 0.5951683032794817, 0.594159521235987, 0.5935067195276301, 0.5942978629111303, 0.5931820603752512, 0.593762776026359, 0.5942816780163691, 0.5934169370629614, 0.5935035484312083, 0.5930420221426548], "test_bleu": [0.07791086506738434, 0.10005318496017701, 0.1253164525383557, 0.09849033237288571, 0.09722994393201399, 0.10613471869163127, 0.10160523703909699, 0.10773820604073946, 0.07860330364703672, 0.10908545649099226, 0.10256615666398199, 0.1187730212838756, 0.09698906597252635, 0.10346629579552967, 0.08982177658817579, 0.09125740952820946, 0.1134481154471389, 0.09708628576071389, 0.08911785833567182, 0.1009618361139717], "test_meteor": [0.2017739419767146, 0.23913270536408165, 0.27299608614515875, 0.2492222707871353, 0.25411464738722417, 0.2570010282580461, 0.25861775334441545, 0.25825128765627303, 0.2231070183453862, 0.26674689800894713, 0.2535145459037668, 0.27652536599702715, 0.2540126656356036, 0.25334205964886647, 0.2401550616407741, 0.2385060944510499, 0.2725676320070544, 0.2573410758697804, 0.2416276629336614, 0.25762817422666257]}