{
    "bleu1": 0.2106910989908943,
    "bleu2": 0.11193542157073011,
    "bleu3": 0.07544862978722829,
    "bleu4": 0.05401388932947173,
    "gleu": 0.07119390786105749,
    "meteor": 0.1460976023220726
}