{"train_loss": [3.4095103020493864, 2.3326634413986547, 2.098654384556551, 1.9448455083170153, 1.8612062868102281], "train_perplexity": [30.250429153442383, 10.305354118347168, 8.155187606811523, 6.992551803588867, 6.431490421295166], "train_acc": [0.38084333236887774, 0.4987254465055842, 0.533884185337832, 0.5589239037019244, 0.5724695348433657], "test_loss": [2.46941472534127, 2.2415926555204675, 2.130411671698681, 2.085427203357102, 2.0788580609496528], "test_perplexity": [11.815529823303223, 9.408303260803223, 8.418331146240234, 8.048029899597168, 7.995334148406982], "test_acc": [0.48311692006018975, 0.5192134294519293, 0.5385007967022514, 0.5483968186190378, 0.5506188667267267], "test_bleu": [0.06279484365443821, 0.05847034203717277, 0.05606659101536146, 0.059671187591845636, 0.05772486992417674], "test_meteor": [0.13895788219501223, 0.1358748808687964, 0.13998678592733185, 0.15998933636851065, 0.14480774097047552]}