{
    "bleu1": 0.2261954841320823,
    "bleu2": 0.12748185474419305,
    "bleu3": 0.08781509700954757,
    "bleu4": 0.06417151526725039,
    "gleu": 0.08284055432958311,
    "meteor": 0.16464267460830678
}