{"train_loss": [3.908449998495021, 2.386083361485868, 2.1279956377741143, 1.9697270425733433, 1.8453844815110172, 1.7310043535133692, 1.622250932225588, 1.51647997296692, 1.414293482178879, 1.3192790914676267, 1.237739636655621, 1.1711111589162984, 1.1225369697673888, 1.0927823702239332, 1.0794033655880235], "train_perplexity": [49.82166290283203, 10.870833396911621, 8.398017883300781, 7.168719291687012, 6.330533027648926, 5.646321773529053, 5.064477443695068, 4.556159019470215, 4.113579273223877, 3.7407236099243164, 3.4478116035461426, 3.225574493408203, 3.0726397037506104, 2.9825611114501953, 2.9429233074188232], "train_acc": [0.3342986182000089, 0.49045222259226817, 0.5284278266286332, 0.5520103738550373, 0.5721083054979132, 0.5906860277954, 0.6090068113268422, 0.6288637746739599, 0.6488621100739218, 0.6684646875931268, 0.6860250455547061, 0.7011221740229344, 0.7128320888846906, 0.7199191241309062, 0.7237272237566358], "test_loss": [2.5734242257281874, 2.256048620570106, 2.1429291695532715, 2.084406911503869, 2.0562956843385565, 2.0418535804842586, 2.039922086679959, 2.051496438020785, 2.074488455021875, 2.098548836726879, 2.1241870584807687, 2.144111824458873, 2.157045696143803, 2.16390750911344, 2.164080780403619], "test_perplexity": [13.11064338684082, 9.545297622680664, 8.524370193481445, 8.03982162475586, 7.816959381103516, 7.704878330230713, 7.690009117126465, 7.779534339904785, 7.96047306060791, 8.154328346252441, 8.366092681884766, 8.53445816040039, 8.645557403564453, 8.705086708068848, 8.706595420837402], "test_acc": [0.4636944959737375, 0.51598164979993, 0.5347315351638569, 0.5464398071493153, 0.5543386651684311, 0.5601955952023613, 0.5625842306505764, 0.5651143328442846, 0.5663143311144098, 0.5652069295416687, 0.5633870722979484, 0.5632052448609407, 0.5633621475635431, 0.5635397127981957, 0.5635133445615599], "test_bleu": [0.0591850235304911, 0.05707544568683937, 0.05664298363380587, 0.05787461933763911, 0.06257247375668476, 0.059230685451304645, 0.0754457204813923, 0.06902950151856048, 0.06018123885775135, 0.06717958571175464, 0.07864128704731456, 0.06742202192480574, 0.06739306532012879, 0.06319605348754213, 0.06905672571082762], "test_meteor": [0.13604618875272897, 0.14882586008957646, 0.1425898545265517, 0.1419250790836817, 0.15603478479889457, 0.1478187802132082, 0.18026213217958456, 0.1683974673768505, 0.15707096027364437, 0.1555109540421674, 0.19581202040625173, 0.1606877891013389, 0.16630758286090677, 0.1699131177059026, 0.1834161025437868]}