{
    "bleu1": 0.25063873434224676,
    "bleu2": 0.1338634642102365,
    "bleu3": 0.08759508253375264,
    "bleu4": 0.06128236376091874,
    "gleu": 0.09581417304442384,
    "meteor": 0.20423113113989227
}