{"train_loss": [1.9330693807491321, 1.9107658425250005, 1.893218126493631, 1.874041536419662, 1.8574635595390476, 1.8390027508907711, 1.8220185655908487, 1.8018595823614867, 1.783282966957879, 1.7629462454429607, 1.7445335653946572, 1.7263287686810052, 1.7073617330224244, 1.6900840091336633, 1.672649148813228, 1.6552150742602103, 1.6380398895629902, 1.6235951392613734, 1.6063948872777605, 1.5932927796828378, 1.5763254861549003, 1.5609232637378359, 1.5458792182280845, 1.5295814344870675, 1.5123723109358365, 1.4976042234098788, 1.4798433631658554, 1.4621292186766555, 1.4478909957040216, 1.4312666608500726, 1.413634862942794, 1.4022049484486432, 1.3853378498677127, 1.371009212640143, 1.3597378329825156, 1.3427986511864614, 1.3302289167630303, 1.3175626255802273, 1.303912978504122, 1.2895297417321157, 1.2743507092146529, 1.2573599882961548], "train_perplexity": [6.910688877105713, 6.758263111114502, 6.640705108642578, 6.5145721435546875, 6.407464027404785, 6.290262222290039, 6.184329509735107, 6.06090784072876, 5.9493560791015625, 5.829587459564209, 5.723231315612793, 5.619983673095703, 5.5143938064575195, 5.419935703277588, 5.326259136199951, 5.23420524597168, 5.145074844360352, 5.071289539337158, 4.984807968139648, 4.919922828674316, 4.837149143218994, 4.763216495513916, 4.6920952796936035, 4.616244316101074, 4.537482261657715, 4.4709649085998535, 4.3922576904296875, 4.31513786315918, 4.254133224487305, 4.183995723724365, 4.110870838165283, 4.064151287078857, 3.996175765991211, 3.939324378967285, 3.895172119140625, 3.829746961593628, 3.7819089889526367, 3.7343082427978516, 3.683682680130005, 3.6310787200927734, 3.57637882232666, 3.5161266326904297], "train_acc": [0.5520092625286162, 0.5560559476773763, 0.5587472089940739, 0.5622916705522341, 0.5654049280301198, 0.5687231891548511, 0.57190366780635, 0.575553830905059, 0.5789506463045927, 0.5826950436554004, 0.585874533453553, 0.5895373469468245, 0.5933259095727783, 0.5964228482436889, 0.6000265449899989, 0.6035343032215059, 0.6064170287134721, 0.6095217862694534, 0.6123598042069022, 0.6150470827658152, 0.6186163801815092, 0.6215642921856999, 0.6245654213059809, 0.6275561183844645, 0.6307714893338606, 0.6340100721446509, 0.6372784402259847, 0.641150504888333, 0.6438712105154991, 0.6475105768780118, 0.6512251603849155, 0.6533519305365602, 0.6569431976405615, 0.6592915409158185, 0.6618245701046334, 0.6649829646975723, 0.6680861228366488, 0.6706367015992243, 0.6728365528061218, 0.676293092443771, 0.6793504169153184, 0.682949956007225], "test_loss": [2.311490038006576, 2.3093680075763428, 2.3109983857145013, 2.3148526002451315, 2.314429380230068, 2.320179055646523, 2.321737620633902, 2.329591225103005, 2.3372200936386265, 2.342199472422452, 2.349805597177486, 2.3571291363116393, 2.36683210945621, 2.374553231848884, 2.3843275234871304, 2.388871883608631, 2.400558577370398, 2.403073377215985, 2.41260970007513, 2.4226510831990193, 2.429250014196966, 2.443969418093101, 2.4519827771432623, 2.458286971161046, 2.4741674022576245, 2.483387847536618, 2.4978309341312683, 2.5094815382023445, 2.5206203190321776, 2.535706866647779, 2.551234859781167, 2.5589883020243693, 2.57550381385174, 2.586212416285092, 2.5903336485636603, 2.609181201335081, 2.618280618461137, 2.632194834886138, 2.6409068328818095, 2.6544030105944763, 2.67754671377005, 2.6895542476595065], "test_perplexity": [10.089447021484375, 10.068058967590332, 10.084488868713379, 10.123432159423828, 10.119146347045898, 10.177495956420898, 10.19336986541748, 10.273741722106934, 10.352418899536133, 10.404095649719238, 10.48353099822998, 10.560589790344238, 10.663557052612305, 10.746211051940918, 10.851761817932129, 10.901189804077148, 11.02933406829834, 11.057106018066406, 11.163056373596191, 11.275712013244629, 11.350366592407227, 11.518672943115234, 11.611346244812012, 11.684778213500977, 11.871817588806152, 11.981789588928223, 12.156097412109375, 12.298550605773926, 12.436308860778809, 12.625350952148438, 12.822929382324219, 12.922737121582031, 13.137934684753418, 13.279378890991211, 13.334220886230469, 13.587920188903809, 13.712127685546875, 13.904253005981445, 14.025917053222656, 14.216495513916016, 14.549356460571289, 14.725110054016113], "test_acc": [0.5037451301960602, 0.5050869137048721, 0.5051895380020142, 0.5053879796844167, 0.5057818998688275, 0.5056356122506034, 0.5060259927179396, 0.5055291747923979, 0.5050000032198798, 0.5052962889990855, 0.5044824376548689, 0.5043578908308265, 0.5040028522309569, 0.5028973928431875, 0.5027995190976822, 0.5026766241518492, 0.5021033531304487, 0.501329063908341, 0.5002352028470678, 0.5012984202080166, 0.5015279285072052, 0.5006358511361879, 0.500213860697353, 0.500744581068914, 0.49958789486860494, 0.49899994773963063, 0.4990683577417098, 0.49728989462877055, 0.49751005022181677, 0.4959517774200931, 0.4958563436245181, 0.4957599366448589, 0.49418349103214815, 0.49497114982187135, 0.49456711082728866, 0.4944585782965434, 0.4929598920124093, 0.49199550007421944, 0.4932263051111674, 0.4924661277495709, 0.49061362906215117, 0.490721934849454], "test_bleu": [0.06191171062551004, 0.06553938309189992, 0.06485808760646777, 0.06426612962284928, 0.06643817108134753, 0.0624198875628946, 0.06548580349355412, 0.06470583826559939, 0.064858181821962, 0.057254920980886886, 0.06575368914852531, 0.06512665077610075, 0.06189079060023523, 0.0644304267024252, 0.060763661584294554, 0.06575105236060368, 0.06748201860247362, 0.062268009087968916, 0.06373743995806314, 0.06040932255200605, 0.06439064232224445, 0.06059822355067746, 0.06744397927965468, 0.06987128219192741, 0.06018510307126741, 0.058688427274651414, 0.06258392933076139, 0.06450153191043045, 0.06542613506058569, 0.05887596266372935, 0.05426363943842138, 0.05656030572842329, 0.06455554427502404, 0.059700397156903014, 0.059939158068822634, 0.06517246235159303, 0.05364105585848495, 0.061675951983635555, 0.0603538618182394, 0.05890711872200466, 0.05988436253805208, 0.060079481576342665], "test_meteor": [0.19747213830858487, 0.2166202922567175, 0.20858190303783647, 0.20109080129344775, 0.21754179620672298, 0.21059952844367613, 0.21127141708314587, 0.21062917905730255, 0.21180215633009178, 0.1987788409998624, 0.21237595350367278, 0.2082535875453836, 0.20656612532176252, 0.20708788331964958, 0.19951475380577788, 0.21201024797383644, 0.22046028025117567, 0.2085488520430152, 0.21401663839215931, 0.20250449651208244, 0.20846945571156647, 0.2043155049739358, 0.2161676244012805, 0.22540946154193445, 0.20350774696973278, 0.2029508479439189, 0.20925034248709184, 0.21608940185097456, 0.20956012715836686, 0.19936477163500282, 0.19143100776590635, 0.19805502860228383, 0.21611603305843943, 0.20030202286408852, 0.20333826171232228, 0.21019360771650245, 0.19328821311978037, 0.20220588092626485, 0.20512486018138684, 0.20521780013685031, 0.20141601665775302, 0.2022271538050831]}