{
    "bleu1": 0.21750479654636745,
    "bleu2": 0.1219598172907561,
    "bleu3": 0.08283979284790553,
    "bleu4": 0.05991484291292301,
    "gleu": 0.07683038509124254,
    "meteor": 0.1535905544133132
}