{"train_loss": [3.4818304115198444, 2.3668446905638834, 2.1490676140620466, 2.010779043117139, 1.9037133211680015, 1.813991392294252, 1.7304858508844365, 1.6545128009750012, 1.5823371768703818, 1.5091034080410286, 1.4402822150765142, 1.3721939884310062, 1.3072391070594676, 1.243541501793433, 1.1823695689174996, 1.124229859476146, 1.0691259636930746, 1.016433226479712, 0.968115660156926, 0.9229703586758183, 0.8816339826066073, 0.8461015479232811, 0.8130413893415332, 0.786253025536476, 0.7633298904086148, 0.7452480271385076, 0.7311112195812349, 0.722104264182376, 0.7155396435832695, 0.7137595494254791], "train_perplexity": [32.519187927246094, 10.663691520690918, 8.576858520507812, 7.469134330749512, 6.71076774597168, 6.134885787963867, 5.643394947052002, 5.230530738830566, 4.866315841674805, 4.522674083709717, 4.221887111663818, 3.9439940452575684, 3.695955276489258, 3.4678730964660645, 3.2620949745178223, 3.077845811843872, 2.912832498550415, 2.7633211612701416, 2.6329784393310547, 2.5167548656463623, 2.414842367172241, 2.3305435180664062, 2.2547552585601807, 2.1951558589935303, 2.1454081535339355, 2.106963872909546, 2.077387809753418, 2.05876088142395, 2.045289993286133, 2.0416524410247803], "train_acc": [0.37239170130762855, 0.4935359811559246, 0.5251916995582787, 0.5448939678317114, 0.5615934144562112, 0.5753045818177286, 0.5888635081635294, 0.6013460158713361, 0.6135973309893952, 0.626809516640312, 0.6393703666808928, 0.6529604588126854, 0.6663461124555733, 0.6795939844605483, 0.6931578492247458, 0.7061605123400335, 0.7186117773583234, 0.7317855020677937, 0.7433969786230692, 0.7545158260254611, 0.7655759508788644, 0.7746764713896462, 0.7835323214236746, 0.7905533320517789, 0.797282675352878, 0.8017129130212834, 0.8061241340425384, 0.8082089752164786, 0.8105533224514889, 0.8110530297883289], "test_loss": [2.5049158334732056, 2.2725658687143873, 2.169980084872575, 2.1164924543519934, 2.0847752578630017, 2.064182367080297, 2.067307965760165, 2.0623988921825704, 2.0621679941342896, 2.0736162142875867, 2.0935050378419473, 2.111729505499439, 2.140589115652577, 2.1677667511520538, 2.2054351556465708, 2.236394768871029, 2.272547774060943, 2.3079369902845905, 2.343748568548018, 2.379242867407714, 2.4052270117125802, 2.438705430228329, 2.462389409894774, 2.4837801014413023, 2.5024680183719132, 2.513581946521586, 2.525195492795233, 2.5280819898526343, 2.5296233701988085, 2.52979881076888], "test_perplexity": [12.24252700805664, 9.704268455505371, 8.758109092712402, 8.30196762084961, 8.042783737182617, 7.878852367401123, 7.903517723083496, 7.864814281463623, 7.862997531890869, 7.953533172607422, 8.113304138183594, 8.262519836425781, 8.50444507598877, 8.738746643066406, 9.074198722839355, 9.359528541564941, 9.704092979431152, 10.053661346435547, 10.4202241897583, 10.796725273132324, 11.080945014953613, 11.458197593688965, 11.732812881469727, 11.986489295959473, 12.21259880065918, 12.349084854125977, 12.493338584899902, 12.529450416564941, 12.54877758026123, 12.550979614257812], "test_acc": [0.47682192827587766, 0.5134379609802066, 0.5311721126003378, 0.5432755129459577, 0.5489478903644419, 0.5535995906744248, 0.5558796399208685, 0.5588505666636856, 0.5606802006562551, 0.5622504348820718, 0.5627831583309926, 0.5630760123508687, 0.5632296513170886, 0.5629286132973327, 0.5604314378497633, 0.5622017357711491, 0.5601705384442557, 0.5593239284713828, 0.5609183794060167, 0.5590969180096771, 0.5591798978444387, 0.5596903822948711, 0.5588942774419013, 0.5580194249190757, 0.5584444364852453, 0.5577929389077061, 0.5578175686167542, 0.557953768580623, 0.558067106871445, 0.5581346268837268], "test_bleu": [0.0621281885682292, 0.049950260801380666, 0.06443911321758129, 0.05968848724948266, 0.05679771136596043, 0.052821604984097915, 0.05932080194168626, 0.05685043787279116, 0.057832140132507065, 0.0696218215043007, 0.061687820821243466, 0.05852407652221425, 0.06852327126104837, 0.07916645292068024, 0.05783032781636108, 0.06890285481106913, 0.07879823145960552, 0.057006699447745834, 0.058383198794786546, 0.07263971655192135, 0.0666255291076341, 0.0801743275035914, 0.06675001929904988, 0.06566626094871332, 0.06874608903523108, 0.07507798167795915, 0.07889212606452206, 0.07381573185279887, 0.06503362256206265, 0.07779022789710296], "test_meteor": [0.14476811904745157, 0.12133752470154911, 0.1494398809786455, 0.1473000780229808, 0.16187146789278434, 0.12249845921156519, 0.1443190904481047, 0.13675917332573453, 0.1445567238069463, 0.1589356867998504, 0.15557106886540903, 0.14860330128431423, 0.17226419857837003, 0.1985163313657011, 0.14320443327017765, 0.18572667321611747, 0.1845847569969222, 0.1528581552269794, 0.15362124439754515, 0.18435971565987022, 0.1674282387621259, 0.18889664045288615, 0.1577639254397056, 0.17084384100713865, 0.1719693724912049, 0.18528610847190888, 0.17840670269699213, 0.19527993937785135, 0.17354677865285473, 0.17683549574067578]}